Variant,hidden_dim,Seq MSE mean,Seq MSE std,ΔH mean,ΔH std,Stable Ent,Trans Ent
Fixed_orig,64,0.40914857387542725,0.004418283386508878,,,,
StdMoE_orig,64,0.40902217229207355,0.0037268617688565393,0.017423695781164688,0.0040177918949424515,0.951805102052512,0.9692287978336767
Fixed_matched,150,0.4094705879688263,0.004509127445803134,,,,
StdMoE_matched,74,0.4097456733385722,0.003296412344611923,0.026615836485116562,0.01779318971462155,0.9610788071597064,0.9876946436448231
NoPolicy_orig,64,0.21388161679108939,0.05204118536310637,0.37526506720179764,0.05814336365158969,0.5477323393440908,0.9229974065458886
Nomadic_Full,64,0.16501027842362723,0.01701714474178073,0.7807922111306754,0.06907465244938121,0.09116500909267754,0.8719572202233529
