{
  "stable_H": 1.2494235229492188,
  "trans_H": 2.2337615203857424,
  "delta_H": 0.9843379974365236,
  "stable_switch_prob": 0.9999999225139617,
  "trans_switch_prob": 0.9999989953637123
}