model,pre_mean_dx,post_mean_dx,delta_dx
Nomadic_Full_V2,0.4570627103559673,0.7272932529449463,0.270230542588979
