{
  "saturation": {
    "math": {
      "raw": 0.43051614832462143,
      "final": 0.44039613323447546
    },
    "language": {
      "raw": 0.33088931193124155,
      "final": 0.35700068784993255
    }
  },
  "sp_diff_raw": 0.09962683639337988
}