model,pre_mean_dx,post_mean_dx,delta_dx
Nomadic_Full,0.23647687133205564,0.2932288418213526,0.05675197048929698
Nomadic_NoDx,0.23647687133205564,0.2932288418213526,0.05675197048929698
Nomadic_NoEnv,0.23647687133205564,0.2932288418213526,0.05675197048929698
Nomadic_NoErr,0.23647687133205564,0.2932288418213526,0.05675197048929698
