{
  "stable_H_raw": 0.41352556778107646,
  "trans_H_raw": 0.6249046301750514,
  "stable_H_policy": 0.34792595826994765,
  "trans_H_policy": 0.2903332532549481,
  "stable_sw": 0.000898952111481695,
  "trans_sw": 1.0
}