Model,Prompt Type,Entropy,Mean LogProb,Perplexity,Distinct-2,Repetition(Bi)
1_Vanilla,creative,2.100416259765625,-1.7327567623058955,6.714105762601937,0.9435185185185185,0.09074074074074075
2_DynamicTemp,creative,0.6116622981735806,-0.6689046039183935,2.1690316465342874,0.7142184784599643,0.33440955329500216
3_NomadicFull,creative,0.5325865405754165,-0.5193655633926392,1.839942424934961,0.7032870053922686,0.36569757727652463
1_Vanilla,stable,1.8984362792968752,-1.3599615236123404,4.316059861616882,0.9563927372750901,0.07937138819491761
2_DynamicTemp,stable,0.6300406425516059,-0.6383642822504044,2.0337131310756194,0.8385748826812031,0.2704285822159416
3_NomadicFull,stable,0.6254358271620915,-0.6617632289727531,2.119952521214392,0.8365440740889658,0.2333263282984645
1_Vanilla,transition,2.168467559814453,-1.6959590067466097,5.965550684521251,0.9352417086075623,0.09951658278487546
2_DynamicTemp,transition,0.9262228170895866,-0.9447613996267319,2.780608748389228,0.8685985801775276,0.17474922659133185
3_NomadicFull,transition,0.9033863120746478,-0.9632381029923758,3.02993648965679,0.8392810885414584,0.22903763051689088
