model,pre_mean_dx,post_mean_dx,delta_dx
Nomadic_Full,0.38315611417534984,0.44352859556674956,0.060372481391399724
Nomadic_NoDx,0.38315611417534984,0.44352859556674956,0.060372481391399724
Nomadic_NoEnv,0.38315611417534984,0.44352859556674956,0.060372481391399724
Nomadic_NoErr,0.38315611417534984,0.44352859556674956,0.060372481391399724
