model,pre_mean_dx,post_mean_dx,delta_dx
Nomadic_Full,0.5110982346348465,0.7309114933013916,0.2198132586665451
